SNR (dB),Error Probability
0,0.5
2,0.25
4,0.1
6,0.05
8,0.01
10,0.005
12,0.001
14,0.0005
16,0.0001
18,0.00005
20,0.00001
